owner;model_name;created_at;last_updated;family;model_size;previous_size_category;downloads;likes;library_name;pipeline_tag;cleaned_github;title;message;commit_id;date;author;files;names;combined;labels;manual_classification;oussama_classification;automatic_classification
01-ai;01-ai/Yi-1.5-9B-Chat;11/22/2023;7/29/2024;01-ai_YI;8829.407232;large;17475;91;transformers;text-generation;https://github.com/01-ai/yi;Add files using large-upload tool;;40da52c7ef202bcef3ac4c922cf94a8c7a3375b1;5/12/2024;itsliupeng;model-00001-of-00004.safetensors;Frequent Alignment;add files using large-upload tool;large file upload;sharing;sharing;sharing
01-ai;01-ai/Yi-6B;11/22/2023;7/29/2024;01-ai_YI;34388.92109;large;10626;363;transformers;text-generation;https://github.com/01-ai/yi;Auto Sync from git://github.com/01-ai/Yi.git/commit/043a50fe5a24ce5fbd31d171ae9aeb4d2600accf;;a38ef3dc38dc24997c0eab9899a93c46838e4e75;11/24/2023;yi-01-ai;README.md;Frequent Alignment;auto sync from git://github.com/01-ai/yi.git/commit/043a50fe5a24ce5fbd31d171ae9aeb4d2600accf;model autosync from GH;sharing;sharing;sharing
01-ai;01-ai/Yi-34B-200K;11/22/2023;7/29/2024;01-ai_YI;34388.91725;large;10568;311;transformers;text-generation;https://github.com/01-ai/yi;Auto Sync from git://github.com/01-ai/Yi.git/commit/2a55fa09d4b870ee8e5ca3aa5b2b7af65d44ed86;;75d7cc9465f1b35c7e12cbc15272fd8a15cf306e;12/5/2023;yi-01-ai;README.md;Frequent Alignment;auto sync from git://github.com/01-ai/yi.git/commit/2a55fa09d4b870ee8e5ca3aa5b2b7af65d44ed86;model autosync from GH;sharing;sharing;sharing
01-ai;01-ai/Yi-34B;11/6/2023;7/29/2024;01-ai_YI;34388.91725;large;12072;1263;transformers;text-generation;https://github.com/01-ai/yi;Auto Sync from git://github.com/01-ai/Yi.git/commit/3d65c72ad97db5f8daddc182e383e72c90faee4c;;9b8675e6835e0ba7a2abe5bb5b78723f89e93c5e;1/30/2024;yi-01-ai;README.md;Frequent Alignment;auto sync from git://github.com/01-ai/yi.git/commit/3d65c72ad97db5f8daddc182e383e72c90faee4c;model autosync from GH;sharing;sharing;sharing
01-ai;01-ai/Yi-34B;11/6/2023;7/29/2024;01-ai_YI;34388.91725;large;12072;1263;transformers;text-generation;https://github.com/01-ai/yi;Auto Sync from git://github.com/01-ai/Yi.git/commit/424329fdcf69b091cde1891dc2424b206f3573b3;;da71e560bfbf728dc6a41a5d277ee7c5f390ecbe;5/29/2024;yi-01-ai;README.md;Frequent Alignment;auto sync from git://github.com/01-ai/yi.git/commit/424329fdcf69b091cde1891dc2424b206f3573b3;model autosync from GH;sharing;sharing;sharing
01-ai;01-ai/Yi-34B-200K;11/22/2023;7/29/2024;01-ai_YI;34388.91725;large;10568;311;transformers;text-generation;https://github.com/01-ai/yi;add model link;;9878e823f82a6f99e3204c2699b142c0a6f9bf3f;11/6/2023;cArlIcon;README.md;Frequent Alignment;add model link;model link addition;external documentation;external documentation;external documentation
01-ai;01-ai/Yi-6B;11/22/2023;7/29/2024;01-ai_YI;34388.92109;large;10626;363;transformers;text-generation;https://github.com/01-ai/yi;Auto Sync from git://github.com/01-ai/Yi.git/commit/e405fcdc8651a5763da53034d08d6783dd3eeffd;;4b1c218d976522f28a1e6c3fb605850b9c5f0e96;12/15/2023;yi-01-ai;README.md;Frequent Alignment;auto sync from git://github.com/01-ai/yi.git/commit/e405fcdc8651a5763da53034d08d6783dd3eeffd;model synchronization to GH;sharing;sharing;sharing
01-ai;01-ai/Yi-34B-200K;11/22/2023;7/29/2024;01-ai_YI;34388.91725;large;10568;311;transformers;text-generation;https://github.com/01-ai/yi;Sync README;;26fa2a2c96c870cccbcaad6d39b03f0bc9565fd5;11/15/2023;01-ai-bot;README.md;Frequent Alignment;sync readme;readme synchronization;external documentation;external documentation;external documentation
01-ai;01-ai/Yi-1.5-9B-Chat;11/22/2023;7/29/2024;01-ai_YI;8829.407232;large;17475;91;transformers;text-generation;https://github.com/01-ai/yi;Update README.md;;bc87d8557c98dc1e5fdef6ec23ed31088c4d3f35;5/27/2024;Chen Chongyu;README.md;Frequent Alignment;update readme.md;readme update;external documentation;external documentation;external documentation
01-ai;01-ai/Yi-6B;11/22/2023;7/29/2024;01-ai_YI;34388.92109;large;10626;363;transformers;text-generation;https://github.com/01-ai/yi;Update README.md;;4e4f795c5ad05c94b7e6562cfb033eba3c50e5fc;11/15/2023;richardllin;README.md;Frequent Alignment;update readme.md;readme update;external documentation;external documentation;external documentation
af1tang;af1tang/personaGPT;3/2/2022;8/20/2023;af1tang_PERSONALGPT;117;small;10243;116;transformers;text-generation;https://github.com/af1tang/personaGPT;initial commit;;b5dcaaa7477a51dde611162aa65b2855a42c8fb5;9/4/2021;system;.gitattributes;Rare Disjoing;initial commit;commit initiation;project metadata;project metadata;project metadata
af1tang;af1tang/personaGPT;3/2/2022;8/20/2023;af1tang_PERSONALGPT;117;small;10243;116;transformers;text-generation;https://github.com/af1tang/personaGPT;Update README.md;;521ee1d8a21c89abda8e9b04d8c4af379321b741;9/4/2021;af1tang;README.md;Rare Disjoing;update readme.md;readme update;external documentation;external documentation;external documentation
af1tang;af1tang/personaGPT;3/2/2022;8/20/2023;af1tang_PERSONALGPT;117;small;10243;116;transformers;text-generation;https://github.com/af1tang/personaGPT;first private commit;;d6697dae58c858e6a825c1372f28e8c99108f304;9/4/2021;af1tang;README.md, added_tokens.json, config.json, merges.txt, pytorch_model.bin, special_tokens_map.json, tokenizer_config.json, vocab.json;Rare Disjoing;first private commit;commit initiation;project metadata;project metadata;project metadata
af1tang;af1tang/personaGPT;3/2/2022;8/20/2023;af1tang_PERSONALGPT;117;small;10243;116;transformers;text-generation;https://github.com/af1tang/personaGPT;tokenizer update;;7332f20b8a5736d6e7ddf7900a70084e5d580db5;9/6/2021;af1tang;added_tokens.json, config.json, merges.txt, pytorch_model.bin, special_tokens_map.json, tokenizer.json, tokenizer_config.json, vocab.json;Rare Disjoing;tokenizer update;tokenizer update;preprocessing;preprocessing;preprocessing
af1tang;af1tang/personaGPT;3/2/2022;8/20/2023;af1tang_PERSONALGPT;117;small;10243;116;transformers;text-generation;https://github.com/af1tang/personaGPT;Update config.json (#2);#NAME?;32254a34906f15229f37feabb544b03d15e12f67;3/15/2023;af1tang;config.json;Rare Disjoing;update config.json (#2) #name?;config file update;parameter tuning;parameter tuning;parameter tuning
af1tang;af1tang/personaGPT;3/2/2022;8/20/2023;af1tang_PERSONALGPT;117;small;10243;116;transformers;text-generation;https://github.com/af1tang/personaGPT;Update Getting Started code as previous version doesn't work anymore (#4);- Update Getting Started code as previous version doesn't work anymore (f7d1a692f0b87d3c75ada8e02e7dbd3c94fe7434) Co-authored-by: Ankit Sharma;2b9c48d5347b80d824b14148e91c0288af4fbe36;8/20/2023;af1tang;README.md;Rare Disjoing;update getting started code as previous version doesn't work anymore (#4) - update getting started code as previous version doesn't work anymore (f7d1a692f0b87d3c75ada8e02e7dbd3c94fe7434) co-authored-by: ankit sharma;getting started code update;external documentation;external documentation;external documentation
af1tang;af1tang/personaGPT;3/2/2022;8/20/2023;af1tang_PERSONALGPT;117;small;10243;116;transformers;text-generation;https://github.com/af1tang/personaGPT;weights update;;7b13971b89d90dd252d0b372e2c87d4b2d16ccb7;9/7/2021;af1tang;added_tokens.json, config.json, merges.txt, pytorch_model.bin, tokenizer_config.json, vocab.json;Rare Disjoing;weights update;model weight update;model structure;model structure;model structure
allenai;allenai/OLMo-1B-hf;4/23/2022;10/17/2023;allenai_OLMo;6888.095744;large;38368;38;transformers;text2text-generation;https://github.com/allenai/OLMo;initial commit;;95c7337adecca68059b16f09149c5b3c687d096e;4/12/2024;shanearora;.gitattributes, README.md;Intermittent Alignment;initial commit;commit initiation;project metadata;project metadata;project metadata
allenai;allenai/OLMo-7B-Instruct;4/23/2022;10/3/2022;allenai_OLMo;6888.095744;large;18375;48;transformers;text-generation;https://github.com/allenai/OLMo;Create README.md;;d87f426d2a2bfe7ae754631fe30f22710bcd3a04;2/27/2024;natolambert;README.md;Intermittent Alignment;create readme.md;readme creation;external documentation;external documentation;external documentation
allenai;allenai/OLMo-7B-Instruct;4/23/2022;10/3/2022;allenai_OLMo;6888.095744;large;18375;48;transformers;text-generation;https://github.com/allenai/OLMo;Update README.md;;2d50cde2a62a8f013622b8b592bc2cf54bd85de6;2/27/2024;jacobmorrison;README.md;Intermittent Alignment;update readme.md;readme update;external documentation;external documentation;external documentation
allenai;allenai/OLMo-7B-Instruct;4/23/2022;10/3/2022;allenai_OLMo;6888.095744;large;18375;48;transformers;text-generation;https://github.com/allenai/OLMo;Update README.md;;c5366daba9d5487db1949089173a6b3ea4183922;2/28/2024;natolambert;README.md;Intermittent Alignment;update readme.md;readme update;external documentation;external documentation;external documentation
allenai;allenai/OLMo-1.7-7B-hf;4/23/2022;10/3/2022;allenai_OLMo;6888.095744;large;41886;2;transformers;feature-extraction;https://github.com/allenai/OLMo;Update README.md;;f5ad8164968910b1bf78635a9171b7ce410224c3;4/18/2024;natolambert;README.md;Intermittent Alignment;update readme.md;readme update;external documentation;external documentation;external documentation
allenai;allenai/OLMo-1.7-7B-hf;4/23/2022;10/3/2022;allenai_OLMo;6888.095744;large;41886;2;transformers;feature-extraction;https://github.com/allenai/OLMo;Update README.md;;e96796ca2a56baed6377a592ca6458302bd7d699;4/18/2024;natolambert;README.md;Intermittent Alignment;update readme.md;readme update;external documentation;external documentation;external documentation
allenai;allenai/OLMo-1.7-7B-hf;4/23/2022;10/3/2022;allenai_OLMo;6888.095744;large;41886;2;transformers;feature-extraction;https://github.com/allenai/OLMo;Update README.md;Remove import to hf_olmo;4862743cee2a8622d04b4c60f0cb0ff6534e8ea6;5/17/2024;shanearora;README.md;Intermittent Alignment;update readme.md remove import to hf_olmo;readme update;external documentation;external documentation;external documentation
allenai;allenai/OLMo-1B-hf;4/23/2022;10/17/2023;allenai_OLMo;6888.095744;large;38368;38;transformers;text2text-generation;https://github.com/allenai/OLMo;add common files;;15d382d254804616ffb47f5abd68e5d74d22da4e;4/12/2024;shanearora;config.json, generation_config.json, special_tokens_map.json, tokenizer.json, tokenizer_config.json;Intermittent Alignment;add common files;file upload;sharing;sharing;sharing
allenai;allenai/OLMo-7B-Instruct;4/23/2022;10/3/2022;allenai_OLMo;6888.095744;large;18375;48;transformers;text-generation;https://github.com/allenai/OLMo;Fix citation;;6b04651c5589c97c7bbfd0a18c49e7ca754c4f25;3/1/2024;hamishivi;README.md;Intermittent Alignment;fix citation;citation fix;external documentation;external documentation;external documentation
allenai;allenai/OLMo-1B-hf;4/23/2022;10/17/2023;allenai_OLMo;6888.095744;large;38368;38;transformers;text2text-generation;https://github.com/allenai/OLMo;Trailing space breaks tokenization;;49c6a9d812335c3a7d789f39ebddc02a098e2f83;7/16/2024;dirkgr;README.md;Intermittent Alignment;trailing space breaks tokenization;trailing space fix ;preprocessing;preprocessing;preprocessing
augmxnt;augmxnt/shisa-gamma-7b-v1;12/23/2023;5/19/2024;augmxnt_shisa;7241.732096;large;19648;13;transformers;text-generation;https://github.com/AUGMXNT/shisa;initial commit;;1df927c4a1947f12995767729e8cbf9250b70c4d;12/23/2023;leonardlin;.gitattributes;Sparse Alignment;initial commit;commit initiation;project metadata;project metadata;project metadata
augmxnt;augmxnt/shisa-gamma-7b-v1;12/23/2023;5/19/2024;augmxnt_shisa;7241.732096;large;19648;13;transformers;text-generation;https://github.com/AUGMXNT/shisa;Upload 2 files;;f07cfa85d3aef103a7475a6fbbae03afd02a29f3;12/23/2023;leonardlin;ja-comparison.png, shisa-comparison.png;Sparse Alignment;upload 2 files;file upload;sharing;sharing;sharing
augmxnt;augmxnt/shisa-gamma-7b-v1;12/23/2023;5/19/2024;augmxnt_shisa;7241.732096;large;19648;13;transformers;text-generation;https://github.com/AUGMXNT/shisa;Upload folder using huggingface_hub;;311d0981ad2f1007081496f1823c1a5d73b05880;12/23/2023;leonardlin;added_tokens.json, config.json, generation_config.json, model-00001-of-00004.safetensors, model-00002-of-00004.safetensors, model-00003-of-00004.safetensors, model-00004-of-00004.safetensors, model.safetensors.index.json, special_tokens_map.json, tokenizer.json, tokenizer.model, tokenizer_config.json;Sparse Alignment;upload folder using huggingface_hub;folder upload;sharing;sharing;sharing
augmxnt;augmxnt/shisa-gamma-7b-v1;12/23/2023;5/19/2024;augmxnt_shisa;7241.732096;large;19648;13;transformers;text-generation;https://github.com/AUGMXNT/shisa;Create README.md;;eaece2abee1900a387f8b5b6b51fa1f0c41648ae;12/23/2023;leonardlin;README.md;Sparse Alignment;create readme.md;readme creation;external documentation;external documentation;external documentation
augmxnt;augmxnt/shisa-gamma-7b-v1;12/23/2023;5/19/2024;augmxnt_shisa;7241.732096;large;19648;13;transformers;text-generation;https://github.com/AUGMXNT/shisa;Update README.md;;00ad931e49322df58ad7646333ce0796864f51aa;12/23/2023;leonardlin;README.md;Sparse Alignment;update readme.md;readme update;external documentation;external documentation;external documentation
augmxnt;augmxnt/shisa-gamma-7b-v1;12/23/2023;5/19/2024;augmxnt_shisa;7241.732096;large;19648;13;transformers;text-generation;https://github.com/AUGMXNT/shisa;Update README.md;;f3c619b6bd19db914a82a740afd74d7a4d8a55da;12/23/2023;leonardlin;README.md;Sparse Alignment;update readme.md;readme update;external documentation;external documentation;external documentation
augmxnt;augmxnt/shisa-gamma-7b-v1;12/23/2023;5/19/2024;augmxnt_shisa;7241.732096;large;19648;13;transformers;text-generation;https://github.com/AUGMXNT/shisa;Update tokenizer_config.json;;0d9befd29887cb6aeb67c48325236a2cf8d97152;5/19/2024;leonardlin;tokenizer_config.json;Sparse Alignment;update tokenizer_config.json;tokenizer file update;preprocessing;preprocessing;preprocessing
augmxnt;augmxnt/shisa-gamma-7b-v1;12/23/2023;5/19/2024;augmxnt_shisa;7241.732096;large;19648;13;transformers;text-generation;https://github.com/AUGMXNT/shisa;fixed tokenizer - original Gamma tokenizer;;49bf4a58453d191845668b8ff17e4b8f0e9ccae6;1/2/2024;leonardlin;special_tokens_map.json, tokenizer.json, tokenizer_config.json;Sparse Alignment;fixed tokenizer - original gamma tokenizer;tokenizer fix;preprocessing;preprocessing;preprocessing
BAAI;BAAI/bge-m3;2/5/2024;2/13/2024;BAAI_bge;278.044931;medium;486862;931;sentence-transformers;sentence-similarity;https://github.com/FlagOpen/FlagEmbedding;Update MIRACL evaluation results of BGE-M3 (#67);#NAME?;5617a9f61b028005a4858fdac845db406aefb181;7/3/2024;Shitao;imgs/bm25.jpg, imgs/miracl.jpg;Frequent Alignment;update miracl evaluation results of bge-m3 (#67) #name?;evaluation result update;validation infrastructure;validation infrastructure;validation infrastructure
BAAI;BAAI/AquilaChat2-34B-16K;2/5/2024;2/7/2024;BAAI_bge;23.954432;small;11854;24;transformers;text-generation;https://github.com/FlagOpen/FlagEmbedding;Update predict.py;;944391d847121348daf8592bd194a8b12bb3c6ca;10/19/2023;ldwang;predict.py;Frequent Alignment;update predict.py;prediction code update;update dependency;training infrastructure;validation infrastructure
BAAI;BAAI/bge-small-zh-v1.5;2/5/2024;2/7/2024;BAAI_bge;567.755777;medium;16616;36;transformers;feature-extraction;https://github.com/FlagOpen/FlagEmbedding;update;;082b8e246f172370b5bd5716b5946905f8f5be56;9/12/2023;ldwang;README.md;Frequent Alignment;update;readme update;external documentation;external documentation;preprocessing
BAAI;BAAI/bge-reranker-large;3/15/2024;6/11/2024;BAAI_bge;335.1424;medium;616038;266;transformers;feature-extraction;https://github.com/FlagOpen/FlagEmbedding;update;;ac939e2cc5ea93b8f784695462cca39e52e3b941;9/12/2023;ldwang;README.md;Frequent Alignment;update;readme update;external documentation;external documentation;preprocessing
BAAI;BAAI/bge-base-en;12/19/2023;12/21/2023;BAAI_bge;33.360512;small;31246;53;transformers;feature-extraction;https://github.com/FlagOpen/FlagEmbedding;update;;17d124a4b773c4c9248ca816b0b0901e3c49a243;10/12/2023;ldwang;README.md;Frequent Alignment;update;readme update;external documentation;external documentation;preprocessing
BAAI;BAAI/bge-large-en;11/28/2023;4/19/2024;BAAI_bge;109.482752;small;190695;184;transformers;feature-extraction;https://github.com/FlagOpen/FlagEmbedding;update;;74a7b11d551bcfca7555451787b110f6cf7a1618;8/5/2023;ldwang;README.md;Frequent Alignment;update;readme update;external documentation;external documentation;preprocessing
BAAI;BAAI/bge-m3;2/5/2024;2/13/2024;BAAI_bge;278.044931;medium;486862;931;sentence-transformers;sentence-similarity;https://github.com/FlagOpen/FlagEmbedding;Update README.md;;d5ab3da48ec596cd78a50b27e52c7211b49d870f;2/5/2024;Shitao;README.md;Frequent Alignment;update readme.md;readme update;external documentation;external documentation;external documentation
BAAI;BAAI/AquilaChat2-34B-16K;2/5/2024;2/7/2024;BAAI_bge;23.954432;small;11854;24;transformers;text-generation;https://github.com/FlagOpen/FlagEmbedding;Update README.md;;e98fd62a480d7fd09cc82a3645129bb893d7b147;10/26/2023;shunxing1234;README.md;Frequent Alignment;update readme.md;readme update;external documentation;external documentation;external documentation
BAAI;BAAI/bge-m3;2/5/2024;2/13/2024;BAAI_bge;278.044931;medium;486862;931;sentence-transformers;sentence-similarity;https://github.com/FlagOpen/FlagEmbedding;Update README.md;;2ab44ec5c6ffa948890dcd605b723be45690d220;3/8/2024;Shitao;README.md;Frequent Alignment;update readme.md;readme update;external documentation;external documentation;external documentation
BAAI;BAAI/bge-reranker-base;2/5/2024;3/28/2024;BAAI_bge;335.1424;medium;422277;117;sentence-transformers;text-classification;https://github.com/FlagOpen/FlagEmbedding;Upload README.md with huggingface_hub;;bb2cff8c396719985db94d528f3417914aaef208;4/12/2024;Shitao;README.md;Frequent Alignment;upload readme.md with huggingface_hub;readme update;sharing;sharing;sharing
bigcode;bigcode/gpt_bigcode-santacoder;6/12/2023;6/13/2023;bigcode_gpt;1124.886528;medium;24658;24;transformers;text-generation;https://github.com/bigcode-project/Megatron-LM;iter_0600000;;d328d4d74f941d64da69fe0e4aa561082875dfca;2/8/2023;jlamypoirier;config.json, pytorch_model.bin;Intermittent Alignment;iter_0600000;checkpoint update;training infrastructure;training infrastructure;training infrastructure
bigcode;bigcode/gpt_bigcode-santacoder;6/12/2023;6/13/2023;bigcode_gpt;1124.886528;medium;24658;24;transformers;text-generation;https://github.com/bigcode-project/Megatron-LM;initial commit;;2821ef8faec3839de34efce8761e0e9234725979;2/7/2023;jlamypoirier;.gitattributes, README.md;Intermittent Alignment;initial commit;commit initiation;project metadata;project metadata;project metadata
bigcode;bigcode/gpt_bigcode-santacoder;6/12/2023;6/13/2023;bigcode_gpt;1124.886528;medium;24658;24;transformers;text-generation;https://github.com/bigcode-project/Megatron-LM;Adding `safetensors` variant of this model (#3);- Adding `safetensors` variant of this model (3965c3faea545c78248d2ba6f5760b12f6686ff2) Co-authored-by: Safetensors convertbot;f0b45544ce15ad9ec9eec4e575e1a2cf6b50cd53;5/31/2023;cakiki;model.safetensors;Intermittent Alignment;adding `safetensors` variant of this model (#3) - adding `safetensors` variant of this model (3965c3faea545c78248d2ba6f5760b12f6686ff2) co-authored-by: safetensors convertbot;model variant addition;model structure;model structure;model structure
bigcode;bigcode/gpt_bigcode-santacoder;6/12/2023;6/13/2023;bigcode_gpt;1124.886528;medium;24658;24;transformers;text-generation;https://github.com/bigcode-project/Megatron-LM;Update README.md;;291931872cae83498cf984b16319f47f5e9e7a07;6/8/2023;loubnabnl;README.md;Intermittent Alignment;update readme.md;readme update;external documentation;external documentation;external documentation
bigcode;bigcode/gpt_bigcode-santacoder;6/12/2023;6/13/2023;bigcode_gpt;1124.886528;medium;24658;24;transformers;text-generation;https://github.com/bigcode-project/Megatron-LM;Update README.md;;bbbd7a061041dc58af3611843bb5d1f5a1c04c2c;2/9/2023;jlamypoirier;README.md;Intermittent Alignment;update readme.md;readme update;external documentation;external documentation;external documentation
bigcode;bigcode/gpt_bigcode-santacoder;6/12/2023;6/13/2023;bigcode_gpt;1124.886528;medium;24658;24;transformers;text-generation;https://github.com/bigcode-project/Megatron-LM;Update README.md;;9d795416782b0ec9930ff07a8f2656b589313574;2/9/2023;jlamypoirier;README.md;Intermittent Alignment;update readme.md;readme update;external documentation;external documentation;external documentation
bigcode;bigcode/gpt_bigcode-santacoder;6/12/2023;6/13/2023;bigcode_gpt;1124.886528;medium;24658;24;transformers;text-generation;https://github.com/bigcode-project/Megatron-LM;Add tokenizer;;1233b5dccab64dedd8725aba9144557ebbc2d3f7;4/6/2023;jlamypoirier;special_tokens_map.json, tokenizer.json, tokenizer_config.json;Intermittent Alignment;add tokenizer;tokenizer addition;preprocessing;preprocessing;preprocessing
bigcode;bigcode/gpt_bigcode-santacoder;6/12/2023;6/13/2023;bigcode_gpt;1124.886528;medium;24658;24;transformers;text-generation;https://github.com/bigcode-project/Megatron-LM;fix eos_token and bos_token in config (#1);- fix eos and bos token to match the tokenizer (8c5534bb6a33b7bea90d9bd6f3b2194cfcc12f16);7b85b24cf4472ca5e98b73c421ff4408ae814189;4/22/2023;Mayank Mishra;config.json;Intermittent Alignment;fix eos_token and bos_token in config (#1) - fix eos and bos token to match the tokenizer (8c5534bb6a33b7bea90d9bd6f3b2194cfcc12f16);eos/bos token fix;model structure;model structure;model structure
bigcode;bigcode/gpt_bigcode-santacoder;6/12/2023;6/13/2023;bigcode_gpt;1124.886528;medium;24658;24;transformers;text-generation;https://github.com/bigcode-project/Megatron-LM;Merge branch 'main' of https://huggingface.co/bigcode/santacoder-fast-inference into main;;c72ef96a8ca6edfe98483305880ff75316916c55;3/29/2023;jlamypoirier;README.md;Intermittent Alignment;merge branch 'main' of https://huggingface.co/bigcode/santacoder-fast-inference into main;merge branch;sharing;sharing;sharing
bigcode;bigcode/gpt_bigcode-santacoder;6/12/2023;6/13/2023;bigcode_gpt;1124.886528;medium;24658;24;transformers;text-generation;https://github.com/bigcode-project/Megatron-LM;Update config for hf transformers;;97c7c17f008a49d28d391f269678187b8d12c204;4/6/2023;jlamypoirier;config.json;Intermittent Alignment;update config for hf transformers;config file update;parameter tuning;parameter tuning;parameter tuning
bigscience;bigscience/bloom-560m;8/7/2022;2/10/2023;bigscience_workshop;582.40128;medium;200002;327;transformers;text-generation;https://github.com/bigscience-workshop/bigscience;Update config.json;;8ad61ef2f1bf707dcec23c141de73b71e8b04827;5/28/2022;Younes Belkada;config.json;Dense Partial Alignment;update config.json;config file update;parameter tuning;parameter tuning;parameter tuning
bigscience;bigscience/bloom-7b1;7/18/2022;3/17/2023;bigscience_workshop;1065.314304;medium;431985;187;transformers;text-generation;https://github.com/bigscience-workshop/bigscience;Create LICENSE;;813263e5998607c40e6a6344913a7fa9ce20d8ed;5/20/2022;Younes Belkada;LICENSE;Dense Partial Alignment;create license;license creation;project metadata;project metadata;project metadata
bigscience;bigscience/bloom-7b1;7/18/2022;3/17/2023;bigscience_workshop;1065.314304;medium;431985;187;transformers;text-generation;https://github.com/bigscience-workshop/bigscience;Correct pretraining tp;;fb716d3b8e220c4624b69ba5bdf8a3b514099cb9;8/13/2022;Muennighoff;config.json;Dense Partial Alignment;correct pretraining tp;pre-training tp correction;input data;input data;input data
bigscience;bigscience/bloom-560m;8/7/2022;2/10/2023;bigscience_workshop;582.40128;medium;200002;327;transformers;text-generation;https://github.com/bigscience-workshop/bigscience;Update README.md;;b277c40b791e89d58b5ab3a6d5867f7a36985b7b;5/25/2022;christopher;README.md;Dense Partial Alignment;update readme.md;readme update;external documentation;external documentation;external documentation
bigscience;bigscience/bloom-7b1;7/18/2022;3/17/2023;bigscience_workshop;1065.314304;medium;431985;187;transformers;text-generation;https://github.com/bigscience-workshop/bigscience;Fix architecture (#41);#NAME?;5e960cd5df4f4fe0bbedbc7f45afb4c68ef74ea9;2/10/2023;cakiki;;Dense Partial Alignment;fix architecture (#41) #name?;architecture fix;external documentation;external documentation;model structure
bigscience;bigscience/T0pp;5/19/2022;4/14/2023;bigscience_workshop;11135.33235;large;15693;391;transformers;text2text-generation;https://github.com/bigscience-workshop/bigscience;fix rows mixing;;030e8488a136c85c3412eed053aef6f0ffc1a801;11/9/2021;VictorSanh;README.md;Dense Partial Alignment;fix rows mixing;row mix fix;internal documentation;internal documentation;pipeline performance
bigscience;bigscience/bloom-1b1;8/7/2022;6/16/2023;bigscience_workshop;300.176768;medium;38862;53;transformers;text-generation;https://github.com/bigscience-workshop/bigscience;new data;;61194ca45119d759935956ef4f02e3fb7ce09751;5/20/2022;bigscience-bot;config.json;Dense Partial Alignment;new data;new data addition;input data;input data;input data
bigscience;bigscience/bloom-1b1;8/7/2022;6/16/2023;bigscience_workshop;300.176768;medium;38862;53;transformers;text-generation;https://github.com/bigscience-workshop/bigscience;Update Date on Model Card;;4ec1d873f5bba6e7f5790c5dd0faae9f98b77721;5/24/2022;Younes Belkada;README.md;Dense Partial Alignment;update date on model card;model card update;project metadata;project metadata;external documentation
bigscience;bigscience/mt0-base;8/7/2022;2/10/2023;bigscience_workshop;7069.016064;large;10125;25;transformers;text2text-generation;https://github.com/bigscience-workshop/bigscience;Update steps;;5e44aabd0c86160dc68f4d7896f01195f7d91566;11/4/2022;Muennighoff;README.md;Dense Partial Alignment;update steps;training step update;training infrastructure;internal documentation;internal documentation
cardiffnlp;cardiffnlp/twitter-roberta-base-irony;6/6/2022;5/28/2023;cardiffnlp_tweeteval;125;small;1257781;25;transformers;text-classification;https://github.com/cardiffnlp/tweeteval;upload flax model;;72213835791c86ac7cade4acef91820bc9f1dc57;5/20/2021;patrickvonplaten;flax_model.msgpack;Dispersed Alignment;upload flax model;flax mode upload;sharing;sharing;model structure
cardiffnlp;cardiffnlp/twitter-xlm-roberta-base-sentiment-multilingual;3/2/2022;10/10/2022;cardiffnlp_tweeteval;110;small;109074;7;transformers;text-classification;https://github.com/cardiffnlp/tweeteval;model update;;4bbfd0204cabf80eb8081058bf838c1e6ef70a69;12/1/2022;asahi417;README.md, best_run_hyperparameters.json, metric.json;Dispersed Alignment;model update;model card update;model structure;model structure;model structure
cardiffnlp;cardiffnlp/twitter-roberta-base-emotion-multilabel-latest;10/10/2022;10/10/2022;cardiffnlp_tweeteval;125;small;70509;16;transformers;text-classification;https://github.com/cardiffnlp/tweeteval;Fix reference;;30a56d88e47e493f08f93c786d49c526550b55b9;5/28/2023;Pedrada;README.md;Dispersed Alignment;fix reference;model reference fix;sharing;sharing;internal documentation
cardiffnlp;cardiffnlp/twitter-roberta-base-hate-latest;3/2/2022;10/10/2022;cardiffnlp_tweeteval;125;small;40487;14;transformers;text-classification;https://github.com/cardiffnlp/tweeteval;Update reference;;685ed68c56197fff1ed64137f9dbdc613f23ae2b;7/29/2023;Pedrada;README.md;Dispersed Alignment;update reference;model reference update;external documentation;external documentation;internal documentation
cardiffnlp;cardiffnlp/twitter-roberta-base-offensive;3/9/2023;8/31/2023;cardiffnlp_tweeteval;125;small;631409;18;transformers;text-classification;https://github.com/cardiffnlp/tweeteval;Adding tweeteval classifier;;95b9695fcb5fde545d6dcb792ba1e621de638118;11/12/2020;cardiffnlp;.ipynb_checkpoints/README-checkpoint.md, README.md, config.json, merges.txt, pytorch_model.bin, special_tokens_map.json, tf_model.h5, vocab.json;Dispersed Alignment;adding tweeteval classifier;model weight upload;model structure;model structure;model structure
cardiffnlp;cardiffnlp/twitter-roberta-base-offensive;3/9/2023;8/31/2023;cardiffnlp_tweeteval;125;small;631409;18;transformers;text-classification;https://github.com/cardiffnlp/tweeteval;Update README.md;;cf89623480ce8ba637b6abe68b7d61c43d4dfc68;11/12/2020;luisespinosa;README.md;Dispersed Alignment;update readme.md;readme update;external documentation;external documentation;external documentation
cardiffnlp;cardiffnlp/twitter-xlm-roberta-base-sentiment;10/14/2022;10/14/2022;cardiffnlp_tweeteval;110;small;547315;171;transformers;text-classification;https://github.com/cardiffnlp/tweeteval;Update README.md;;083e90c883df299116bc4a332336f8088444ce9a;4/26/2021;luisespinosa;README.md;Dispersed Alignment;update readme.md;readme update;external documentation;external documentation;external documentation
cardiffnlp;cardiffnlp/twitter-xlm-roberta-base-sentiment;10/14/2022;10/14/2022;cardiffnlp_tweeteval;110;small;547315;171;transformers;text-classification;https://github.com/cardiffnlp/tweeteval;Update README.md;;8bc605c90862fbfb2e801b58aaa4dabc7aed7616;4/17/2021;luisespinosa;README.md;Dispersed Alignment;update readme.md;readme update;external documentation;external documentation;external documentation
cardiffnlp;cardiffnlp/twitter-roberta-base-irony;6/6/2022;5/28/2023;cardiffnlp_tweeteval;125;small;1257781;25;transformers;text-classification;https://github.com/cardiffnlp/tweeteval;Update README.md;;e73704ec6e4ae82f5c5dd0aa14a90767e60d5ea4;11/13/2020;luisespinosa;README.md;Dispersed Alignment;update readme.md;readme update;external documentation;external documentation;external documentation
cardiffnlp;cardiffnlp/twitter-roberta-base-hate-latest;3/2/2022;10/10/2022;cardiffnlp_tweeteval;125;small;40487;14;transformers;text-classification;https://github.com/cardiffnlp/tweeteval;add tokenizer;;622b126785fa8532713f5be83cb8d4be2164a95d;3/30/2023;antypasd;merges.txt, special_tokens_map.json, tokenizer.json, tokenizer_config.json, vocab.json;Dispersed Alignment;add tokenizer;tokenizer addition;preprocessing;preprocessing;preprocessing
cointegrated;cointegrated/rubert-tiny2;10/24/2023;1/25/2024;cointegrated_rubert;29.37855;small;460133;82;sentence-transformers;sentence-similarity;https://github.com/avidale/avidale;initial commit;;77887cca1d1a382feac851cfa1c01d026954c98f;10/28/2021;system;.gitattributes;Sporadic Disjoint;initial commit;commit initiation;project metadata;project metadata;project metadata
cointegrated;cointegrated/rubert-tiny2;10/24/2023;1/25/2024;cointegrated_rubert;29.37855;small;460133;82;sentence-transformers;sentence-similarity;https://github.com/avidale/avidale;Adding `safetensors` variant of this model (#2);- Adding `safetensors` variant of this model (aeef81b685b1d606efab3962b2b635a16bb03dd4) Co-authored-by: Safetensors convertbot;6b38fe0c3c128908a1f86cc74e9cedda1514ac60;3/17/2023;cointegrated;.gitattributes, model.safetensors;Sporadic Disjoint;adding `safetensors` variant of this model (#2) - adding `safetensors` variant of this model (aeef81b685b1d606efab3962b2b635a16bb03dd4) co-authored-by: safetensors convertbot;model variant addition;model structure;model structure;model structure
cointegrated;cointegrated/rubert-tiny2;10/24/2023;1/25/2024;cointegrated_rubert;29.37855;small;460133;82;sentence-transformers;sentence-similarity;https://github.com/avidale/avidale;Update README.md;;dad72b8f77c5eef6995dd3e4691b758ba56b90c3;10/14/2023;cointegrated;README.md;Sporadic Disjoint;update readme.md;readme update;external documentation;external documentation;external documentation
cointegrated;cointegrated/rubert-tiny2;10/24/2023;1/25/2024;cointegrated_rubert;29.37855;small;460133;82;sentence-transformers;sentence-similarity;https://github.com/avidale/avidale;Update README.md;;a53f0afc4b34c94012191a043c52e2271fa23f27;6/30/2022;cointegrated;README.md;Sporadic Disjoint;update readme.md;readme update;external documentation;external documentation;external documentation
cointegrated;cointegrated/rubert-tiny2;10/24/2023;1/25/2024;cointegrated_rubert;29.37855;small;460133;82;sentence-transformers;sentence-similarity;https://github.com/avidale/avidale;Update README.md;;9588374f80eaeb983dad33f2c96dc3464252bbaf;11/4/2021;cointegrated;README.md;Sporadic Disjoint;update readme.md;readme update;external documentation;external documentation;external documentation
cointegrated;cointegrated/rubert-tiny2;10/24/2023;1/25/2024;cointegrated_rubert;29.37855;small;460133;82;sentence-transformers;sentence-similarity;https://github.com/avidale/avidale;Update tokenizer_config.json;;237f460210fdf8545d18cf02614f00798559df36;10/28/2021;cointegrated;tokenizer_config.json;Sporadic Disjoint;update tokenizer_config.json;tokenizer file update;preprocessing;preprocessing;preprocessing
cointegrated;cointegrated/rubert-tiny2;10/24/2023;1/25/2024;cointegrated_rubert;29.37855;small;460133;82;sentence-transformers;sentence-similarity;https://github.com/avidale/avidale;The first commit;;0cb871a0c3e4471cc306973eacb67d2a01565de6;10/28/2021;cointegrated;config.json, pytorch_model.bin, special_tokens_map.json, tinybert-ru-labse-adapter-v2.pt, tokenizer.json, tokenizer_config.json, vocab.txt;Sporadic Disjoint;the first commit;commit initiation;project metadata;project metadata;project metadata
cointegrated;cointegrated/rubert-tiny2;10/24/2023;1/25/2024;cointegrated_rubert;29.37855;small;460133;82;sentence-transformers;sentence-similarity;https://github.com/avidale/avidale;Train the model longer;;74d70b9fbd95865c6f8506f8f05394f282b7671a;11/4/2021;cointegrated;config.json, pytorch_model.bin, tinybert-ru-labse-adapter-v2.pt;Sporadic Disjoint;train the model longer;model weight upload;training infrastructure;training infrastructure;training infrastructure
cointegrated;cointegrated/rubert-tiny2;10/24/2023;1/25/2024;cointegrated_rubert;29.37855;small;460133;82;sentence-transformers;sentence-similarity;https://github.com/avidale/avidale;update the readme;;776805cd8327870dc89ab911826f5e01462edb20;10/14/2023;cointegrated;README.md;Sporadic Disjoint;update the readme;readme update;external documentation;external documentation;external documentation
cointegrated;cointegrated/rubert-tiny2;10/24/2023;1/25/2024;cointegrated_rubert;29.37855;small;460133;82;sentence-transformers;sentence-similarity;https://github.com/avidale/avidale;update the readme, pipeline tag;;77a7ef34389b07b5b1217ffb5d8be88fafc47d58;10/14/2023;cointegrated;README.md;Sporadic Disjoint;update the readme, pipeline tag;readme update;external documentation;external documentation;external documentation
distilbert;distilbert/distilbert-base-uncased-distilled-squad;3/2/2022;5/6/2024;distilbert_distilbert;67.43155;small;75007;87;transformers;question-answering;https://github.com/huggingface/transformers;Update config.json;;cfc060aefb333330af23e9cf1f7a0eca63c1d6af;9/24/2019;system;config.json;Intermittent Alignment;update config.json;config file update;parameter tuning;parameter tuning;parameter tuning
distilbert;distilbert/distilbert-base-cased;3/2/2022;5/6/2024;distilbert_distilbert;65.19245;small;553427;30;transformers;fill-mask;https://github.com/huggingface/transformers;Update config.json;;afd45e7765982868403ba8b31cc57ad582667b79;2/7/2020;system;config.json;Intermittent Alignment;update config.json;config file update;parameter tuning;parameter tuning;parameter tuning
distilbert;distilbert/distilbert-base-cased;3/2/2022;5/6/2024;distilbert_distilbert;65.19245;small;553427;30;transformers;fill-mask;https://github.com/huggingface/transformers;Add tokenizer configuration;;6bee31aad7eeb1b36dea27b49b4341fd29bfa921;11/25/2020;Thomas Wolf;tokenizer_config.json;Intermittent Alignment;add tokenizer configuration;tokenizer addition;preprocessing;preprocessing;preprocessing
distilbert;distilbert/distilgpt2;3/2/2022;5/6/2024;distilbert_distilbert;88.204032;small;3590129;376;transformers;text-generation;https://github.com/huggingface/transformers;Adds the tokenizer configuration file (#11);- Adds tokenizer_config.json file (224ef41937cdc7356116ead4957486726c164585);2290a62682d06624634c1f46a6ad5be0f47f38aa;2/19/2024;lysandre;tokenizer_config.json;Intermittent Alignment;adds the tokenizer configuration file (#11) - adds tokenizer_config.json file (224ef41937cdc7356116ead4957486726c164585);tokenizer config addition;preprocessing;preprocessing;preprocessing
distilbert;distilbert/distilbert-base-uncased;3/2/2022;12/19/2023;distilbert_distilbert;66.98553;small;30382216;444;transformers;fill-mask;https://github.com/huggingface/transformers;Fix broken link in opening section (#3);#NAME?;043235d6088ecd3dd5fb5ca3592b6913fd516027;5/31/2022;julien-c;README.md;Intermittent Alignment;fix broken link in opening section (#3) #name?;broken link fix;external documentation;external documentation;external documentation
distilbert;distilbert/distilgpt2;3/2/2022;5/6/2024;distilbert_distilbert;88.204032;small;3590129;376;transformers;text-generation;https://github.com/huggingface/transformers;Fix emissions metadata (#5);#NAME?;ca98be8f8f0994e707b944a9ef55e66fbcf9e586;7/22/2022;sgugger;README.md;Intermittent Alignment;fix emissions metadata (#5) #name?;emissions metadata fix;project metadata;project metadata;project metadata
distilbert;distilbert/distilbert-base-uncased-finetuned-sst-2-english;3/2/2022;2/19/2024;distilbert_distilbert;82.760793;small;6171533;501;transformers;text-classification;https://github.com/huggingface/transformers;Update pytorch_model.bin;;2def212e9651c89ecd35a20cdddab2311ac6050a;1/10/2020;system;pytorch_model.bin;Intermittent Alignment;update pytorch_model.bin;model weight update;model structure;model structure;model structure
distilbert;distilbert/distilbert-base-cased;3/2/2022;5/6/2024;distilbert_distilbert;65.19245;small;553427;30;transformers;fill-mask;https://github.com/huggingface/transformers;Update tf_model.h5;;0fe7555909710aa6489baece0c35d8256358a6bf;2/7/2020;system;tf_model.h5;Intermittent Alignment;update tf_model.h5;model weight file update;model structure;model structure;model structure
distilbert;distilbert/distilbert-base-german-cased;3/2/2022;2/19/2024;distilbert_distilbert;66.364418;small;35029;17;transformers;fill-mask;https://github.com/huggingface/transformers;Update tokenizer.json;;83de39fc9993e180cfcbf853e28b018552def5b5;10/12/2020;system;tokenizer.json;Intermittent Alignment;update tokenizer.json;tokenizer file update;preprocessing;preprocessing;preprocessing
distilbert;distilbert/distilbert-base-cased-distilled-squad;3/2/2022;5/6/2024;distilbert_distilbert;65.812036;small;368955;177;transformers;question-answering;https://github.com/huggingface/transformers;Updates incorrect tokenizer configuration file (#10);- Adds tokenizer_config.json file (8de8ffb66f5ebf6cf293d02d5170c064e3e86fbd);564e9b582944a57a3e586bbb98fd6f0a4118db7f;5/6/2024;lysandre;tokenizer_config.json;Intermittent Alignment;updates incorrect tokenizer configuration file (#10) - adds tokenizer_config.json file (8de8ffb66f5ebf6cf293d02d5170c064e3e86fbd);tokenizer file addition;preprocessing;preprocessing;preprocessing
dslim;dslim/bert-base-NER;3/2/2022;1/26/2024;dslim_bert;108.317193;small;2592425;426;transformers;token-classification;https://github.com/dslim23/explore-spike-rate;Update README.md;;d1a3e8f13f8c3566299d95fcfc9a8d2382a9affc;10/8/2024;dslim;README.md;Sporadic Disjoint;update readme.md;readme update;external documentation;external documentation;external documentation
dslim;dslim/bert-base-NER;3/2/2022;1/26/2024;dslim_bert;108.317193;small;2592425;426;transformers;token-classification;https://github.com/dslim23/explore-spike-rate;Update README.md;;39c3870160f56a1c8e2d76e8ee209cc8905bfd82;1/25/2024;dslim;README.md;Sporadic Disjoint;update readme.md;readme update;external documentation;external documentation;external documentation
dslim;dslim/bert-base-NER;3/2/2022;1/26/2024;dslim_bert;108.317193;small;2592425;426;transformers;token-classification;https://github.com/dslim23/explore-spike-rate;Update README.md;;6bfbb0e9e7ee089cd442be8aaafeb0acd85a1ad2;5/24/2021;dslim;README.md;Sporadic Disjoint;update readme.md;readme update;external documentation;external documentation;external documentation
dslim;dslim/bert-large-NER;1/25/2024;6/17/2024;dslim_bert;333.588489;medium;659931;131;transformers;token-classification;https://github.com/dslim23/explore-spike-rate;Update README.md;;75e45e37b8916068e4c60196e305aa56c2987eb5;6/13/2022;dslim;README.md;Sporadic Disjoint;update readme.md;readme update;external documentation;external documentation;external documentation
dslim;dslim/bert-base-NER;3/2/2022;1/26/2024;dslim_bert;108.317193;small;2592425;426;transformers;token-classification;https://github.com/dslim23/explore-spike-rate;Update README.md;;6a547d72ceaec5b809c77b08cd68a153624d7c6c;5/24/2021;dslim;README.md;Sporadic Disjoint;update readme.md;readme update;external documentation;external documentation;external documentation
dslim;dslim/bert-base-NER-uncased;3/2/2022;1/25/2024;dslim_bert;109.489161;small;798583;28;transformers;token-classification;https://github.com/dslim23/explore-spike-rate;Update vocab.txt;;60f7e87bcd324593a449e0054656232f2cd5286b;10/17/2020;system;vocab.txt;Sporadic Disjoint;update vocab.txt;vocab file update;input data;preprocessing;preprocessing
dslim;dslim/bert-large-NER;1/25/2024;6/17/2024;dslim_bert;333.588489;medium;659931;131;transformers;token-classification;https://github.com/dslim23/explore-spike-rate;Add evaluation results on the conll2003 config and test split of conll2003 (#1);#NAME?;6dadf2537c76c65bb3091214f1e05764d8342efb;5/2/2023;dslim;README.md;Sporadic Disjoint;add evaluation results on the conll2003 config and test split of conll2003 (#1) #name?;evaluation result addition;validation infrastructure;validation infrastructure;validation infrastructure
dslim;dslim/bert-base-NER-uncased;3/2/2022;1/25/2024;dslim_bert;109.489161;small;798583;28;transformers;token-classification;https://github.com/dslim23/explore-spike-rate;Update pytorch_model.bin;;905ef9105569c786dfe080375469eca3c3c6d10c;10/17/2020;system;pytorch_model.bin;Sporadic Disjoint;update pytorch_model.bin;model weight update;output data;model structure;model structure
dslim;dslim/bert-base-NER;3/2/2022;1/26/2024;dslim_bert;108.317193;small;2592425;426;transformers;token-classification;https://github.com/dslim23/explore-spike-rate;Update pytorch_model.bin;;0c1d56791ba5c5b4c628fcb72292b8a7a1953078;3/21/2020;system;pytorch_model.bin;Sporadic Disjoint;update pytorch_model.bin;model weight update;output data;model structure;model structure
dslim;dslim/bert-large-NER;1/25/2024;6/17/2024;dslim_bert;333.588489;medium;659931;131;transformers;token-classification;https://github.com/dslim23/explore-spike-rate;Update tf_model.h5;;4d4ccab781f0498e46d7dc6b2b99332bf20c60d7;10/17/2020;system;tf_model.h5;Sporadic Disjoint;update tf_model.h5;model weight file update;output data;model structure;model structure
DTAI-KULeuven;DTAI-KULeuven/robbert-2022-dutch-base;3/2/2022;11/29/2023;DTAI-KULeuven_robbert;118.937368;small;10529;9;transformers;fill-mask;https://github.com/iPieter/RobBERT;initial commit;;5bf0e3afa0e7d03b5210aee83b68a39cc7866ae6;8/15/2022;pdelobelle;.gitattributes;Sparse Alignment;initial commit;commit initiation;project metadata;project metadata;project metadata
DTAI-KULeuven;DTAI-KULeuven/robbert-2022-dutch-base;3/2/2022;11/29/2023;DTAI-KULeuven_robbert;118.937368;small;10529;9;transformers;fill-mask;https://github.com/iPieter/RobBERT;Adding `safetensors` variant of this model (#1);- Adding `safetensors` variant of this model (b8d38c6db93f267c74b8969cc48106a1b50b011e) Co-authored-by: Safetensors convertbot;5405706bb8e38674356e19a345029492ab6e0aea;11/29/2023;pdelobelle;.gitattributes, model.safetensors;Sparse Alignment;adding `safetensors` variant of this model (#1) - adding `safetensors` variant of this model (b8d38c6db93f267c74b8969cc48106a1b50b011e) co-authored-by: safetensors convertbot;model variant addition;model structure;model structure;model structure
DTAI-KULeuven;DTAI-KULeuven/robbert-2022-dutch-base;3/2/2022;11/29/2023;DTAI-KULeuven_robbert;118.937368;small;10529;9;transformers;fill-mask;https://github.com/iPieter/RobBERT;Create README.md;;6cca16c71e6419d736a11e7d5987ed485d82edde;11/16/2022;pdelobelle;README.md;Sparse Alignment;create readme.md;readme creation;external documentation;external documentation;external documentation
DTAI-KULeuven;DTAI-KULeuven/robbert-2022-dutch-base;3/2/2022;11/29/2023;DTAI-KULeuven_robbert;118.937368;small;10529;9;transformers;fill-mask;https://github.com/iPieter/RobBERT;Update README.md;;a12699b46bcd14cbd9bac27e54ad502a084843c7;11/16/2022;pdelobelle;README.md;Sparse Alignment;update readme.md;readme update;external documentation;external documentation;external documentation
DTAI-KULeuven;DTAI-KULeuven/robbert-2022-dutch-base;3/2/2022;11/29/2023;DTAI-KULeuven_robbert;118.937368;small;10529;9;transformers;fill-mask;https://github.com/iPieter/RobBERT;Update README.md;;af646e68c17b353d8e3a7617d9ed0cb5c9325aa0;11/16/2022;thomaswint;README.md;Sparse Alignment;update readme.md;readme update;external documentation;external documentation;external documentation
DTAI-KULeuven;DTAI-KULeuven/robbert-2022-dutch-base;3/2/2022;11/29/2023;DTAI-KULeuven_robbert;118.937368;small;10529;9;transformers;fill-mask;https://github.com/iPieter/RobBERT;Update README.md;;9a5925363b2bcfde1b40922fd3eba90ee051f5f0;11/16/2022;thomaswint;README.md;Sparse Alignment;update readme.md;readme update;external documentation;external documentation;external documentation
DTAI-KULeuven;DTAI-KULeuven/robbert-2022-dutch-base;3/2/2022;11/29/2023;DTAI-KULeuven_robbert;118.937368;small;10529;9;transformers;fill-mask;https://github.com/iPieter/RobBERT;Update README.md;;ad474790077dd0322ec7a5cc898f34bd11360dad;11/17/2022;pdelobelle;README.md;Sparse Alignment;update readme.md;readme update;external documentation;external documentation;external documentation
DTAI-KULeuven;DTAI-KULeuven/robbert-2022-dutch-base;3/2/2022;11/29/2023;DTAI-KULeuven_robbert;118.937368;small;10529;9;transformers;fill-mask;https://github.com/iPieter/RobBERT;Update README.md;;96ec8654cab4a3a3ea6edeafbe40a4242bda2797;11/16/2022;thomaswint;README.md;Sparse Alignment;update readme.md;readme update;external documentation;external documentation;external documentation
DTAI-KULeuven;DTAI-KULeuven/robbert-2022-dutch-base;3/2/2022;11/29/2023;DTAI-KULeuven_robbert;118.937368;small;10529;9;transformers;fill-mask;https://github.com/iPieter/RobBERT;Update README.md;;279de957701482f1b137ff2fb2625814c11428cb;11/16/2022;pdelobelle;README.md;Sparse Alignment;update readme.md;readme update;external documentation;external documentation;external documentation
DTAI-KULeuven;DTAI-KULeuven/robbert-2022-dutch-base;3/2/2022;11/29/2023;DTAI-KULeuven_robbert;118.937368;small;10529;9;transformers;fill-mask;https://github.com/iPieter/RobBERT;init;;f4d9a5f60f614b061b1b468d2f7e3e46fac53ed6;11/14/2022;pdelobelle;config.json, merges.txt, pytorch_model.bin, special_tokens_map.json, tokenizer.json, tokenizer_config.json, vocab.json;Sparse Alignment;init;commit initiation;project metadata;project metadata;project metadata
Efficient-Large-Model;Efficient-Large-Model/VILA1.5-13b;5/3/2024;7/18/2024;Efficient-Large-Model_VILA;8000;large;1020639;1;transformers;text-generation;https://github.com/Efficient-Large-Model/VILA;Upload 19 files;;036d8d900b7be1ae5b42d55daf6b3aa4f7e5c74a;4/29/2024;klldmofashi;config.json, llm/config.json, llm/generation_config.json, llm/model-00001-of-00006.safetensors, llm/model-00002-of-00006.safetensors, llm/model-00003-of-00006.safetensors, llm/model-00004-of-00006.safetensors, llm/model-00005-of-00006.safetensors, llm/model-00006-of-00006.safetensors, llm/model.safetensors.index.json, llm/special_tokens_map.json, llm/tokenizer.model, llm/tokenizer_config.json, mm_projector/config.json, mm_projector/model.safetensors, trainer_state.json, vision_tower/config.json, vision_tower/model.safetensors, vision_tower/preprocessor_config.json;Dispersed Alignment;upload 19 files;file upload;sharing;sharing;sharing
Efficient-Large-Model;Efficient-Large-Model/VILA1.5-40b-AWQ;5/3/2024;7/18/2024;Efficient-Large-Model_VILA;40000;large;178396;2;transformers;text-generation;https://github.com/Efficient-Large-Model/VILA;Upload folder using huggingface_hub;;880a9514d40f34650814d35fd3fcfc212f9dd13d;5/3/2024;kentang1998;;Dispersed Alignment;upload folder using huggingface_hub;folder upload;sharing;sharing;sharing
Efficient-Large-Model;Efficient-Large-Model/VILA1.5-40b-AWQ;5/3/2024;7/18/2024;Efficient-Large-Model_VILA;40000;large;178396;2;transformers;text-generation;https://github.com/Efficient-Large-Model/VILA;Delete llm/vila-1.5-34b-w4-g128-awq-v2.pt;;bdc5ad60b4a5612041b4cc2edc320f772cceedbd;5/3/2024;kentang1998;llm/vila-1.5-34b-w4-g128-awq-v2.pt;Dispersed Alignment;delete llm/vila-1.5-34b-w4-g128-awq-v2.pt;model weight delete;remove dependency;remove dependency;remove dependency
Efficient-Large-Model;Efficient-Large-Model/VILA1.5-40b;4/30/2024;7/18/2024;Efficient-Large-Model_VILA;40000;large;574312;7;transformers;text-generation;https://github.com/Efficient-Large-Model/VILA;Create README.md;;215de6409761b789b114bfbef2edd2028bf320fd;5/3/2024;kentang1998;README.md;Dispersed Alignment;create readme.md;readme creation;external documentation;external documentation;external documentation
Efficient-Large-Model;Efficient-Large-Model/Llama-3-VILA1.5-8B;4/30/2024;7/18/2024;Efficient-Large-Model_VILA;3000;medium;45186;18;transformers;text-generation;https://github.com/Efficient-Large-Model/VILA;Create README.md;;ea45260fc7a6a62e56cfa9d081ced445c1810a54;5/3/2024;kentang1998;README.md;Dispersed Alignment;create readme.md;readme creation;external documentation;external documentation;external documentation
Efficient-Large-Model;Efficient-Large-Model/VILA1.5-40b;4/30/2024;7/18/2024;Efficient-Large-Model_VILA;40000;large;574312;7;transformers;text-generation;https://github.com/Efficient-Large-Model/VILA;Update README.md;;0379242274eb2a6f1ba544d5a04085d0cc9090c8;5/3/2024;kentang1998;README.md;Dispersed Alignment;update readme.md;readme update;external documentation;external documentation;external documentation
Efficient-Large-Model;Efficient-Large-Model/VILA1.5-40b-AWQ;5/3/2024;7/18/2024;Efficient-Large-Model_VILA;40000;large;178396;2;transformers;text-generation;https://github.com/Efficient-Large-Model/VILA;Update README.md;;69842e845c40782432586ac561e615b51500f0f6;5/3/2024;kentang1998;README.md;Dispersed Alignment;update readme.md;readme update;external documentation;external documentation;external documentation
Efficient-Large-Model;Efficient-Large-Model/VILA1.5-40b-AWQ;5/3/2024;7/18/2024;Efficient-Large-Model_VILA;40000;large;178396;2;transformers;text-generation;https://github.com/Efficient-Large-Model/VILA;Update README.md;;3915a5682ab6764c497b477d8410d66091a393a0;7/18/2024;klldmofashi;README.md;Dispersed Alignment;update readme.md;readme update;external documentation;external documentation;external documentation
Efficient-Large-Model;Efficient-Large-Model/VILA1.5-13b;5/3/2024;7/18/2024;Efficient-Large-Model_VILA;8000;large;1020639;1;transformers;text-generation;https://github.com/Efficient-Large-Model/VILA;Update README.md;;9c8575753b9376c86289b39cc839295c9899a753;7/18/2024;klldmofashi;README.md;Dispersed Alignment;update readme.md;readme update;external documentation;external documentation;external documentation
Efficient-Large-Model;Efficient-Large-Model/Llama-3-VILA1.5-8B;4/30/2024;7/18/2024;Efficient-Large-Model_VILA;3000;medium;45186;18;transformers;text-generation;https://github.com/Efficient-Large-Model/VILA;Update README.md;;40f9b452727d7fd944f3f8a65274d87d76fc2676;5/3/2024;kentang1998;README.md;Dispersed Alignment;update readme.md;readme update;external documentation;external documentation;external documentation
elastic;elastic/distilbert-base-cased-finetuned-conll03-english;11/16/2023;4/18/2024;elastic_distilbert;65.197833;small;20431;14;transformers;token-classification;https://github.com/elastic/elasticsearch-labs;initial commit;;c754d808ce02b7187197e9b3e6a45847ff40028d;2/9/2021;system;.gitattributes;Sporadic Disjoint;initial commit;commit initiation;project metadata;project metadata;project metadata
elastic;elastic/distilbert-base-cased-finetuned-conll03-english;11/16/2023;4/18/2024;elastic_distilbert;65.197833;small;20431;14;transformers;token-classification;https://github.com/elastic/elasticsearch-labs;Adding `safetensors` variant of this model (#3);- Adding `safetensors` variant of this model (8d80605ef6827b2cc8865756e4fddf38f59299c1) Co-authored-by: Safetensors convertbot;ac68e05b23b29ba32563ab18b633bb1423d859f8;4/20/2023;joshdevins;.gitattributes, model.safetensors;Sporadic Disjoint;adding `safetensors` variant of this model (#3) - adding `safetensors` variant of this model (8d80605ef6827b2cc8865756e4fddf38f59299c1) co-authored-by: safetensors convertbot;model variant addition;model structure;model structure;model structure
elastic;elastic/distilbert-base-cased-finetuned-conll03-english;11/16/2023;4/18/2024;elastic_distilbert;65.197833;small;20431;14;transformers;token-classification;https://github.com/elastic/elasticsearch-labs;Create README.md;Basic model card;f74ffe570fea98ea9bc5a5c69f998d8c4c68dc5b;2/9/2021;joshdevins;README.md;Sporadic Disjoint;create readme.md basic model card;readme creation;external documentation;external documentation;external documentation
elastic;elastic/distilbert-base-cased-finetuned-conll03-english;11/16/2023;4/18/2024;elastic_distilbert;65.197833;small;20431;14;transformers;token-classification;https://github.com/elastic/elasticsearch-labs;Update README.md;;30265e183b356b22a42b7bfd768f665ada943f30;2/24/2021;joshdevins;README.md;Sporadic Disjoint;update readme.md;readme update;external documentation;external documentation;external documentation
elastic;elastic/distilbert-base-cased-finetuned-conll03-english;11/16/2023;4/18/2024;elastic_distilbert;65.197833;small;20431;14;transformers;token-classification;https://github.com/elastic/elasticsearch-labs;Update README.md;;f05146efb4960bb0b8eeccf994774e94a8237507;2/24/2021;joshdevins;README.md;Sporadic Disjoint;update readme.md;readme update;external documentation;external documentation;external documentation
elastic;elastic/distilbert-base-cased-finetuned-conll03-english;11/16/2023;4/18/2024;elastic_distilbert;65.197833;small;20431;14;transformers;token-classification;https://github.com/elastic/elasticsearch-labs;Add verifyToken field to verify evaluation results are produced by Hugging Face's automatic model evaluator (#2);- Add verifyToken field to verify evaluation results are produced by Hugging Face's automatic model evaluator (996888d07633c293285c80edbcffc6ce7cd59a52) Co-authored-by: Evaluation Bot;feacb62c370dc6cc1cf311a423881e5f3473f92c;12/7/2022;joshdevins;README.md;Sporadic Disjoint;add verifytoken field to verify evaluation results are produced by hugging face's automatic model evaluator (#2) - add verifytoken field to verify evaluation results are produced by hugging face's automatic model evaluator (996888d07633c293285c80edbcffc6ce7cd59a52) co-authored-by: evaluation bot;verify token field addition;validation infrastructure;validation infrastructure;validation infrastructure
elastic;elastic/distilbert-base-cased-finetuned-conll03-english;11/16/2023;4/18/2024;elastic_distilbert;65.197833;small;20431;14;transformers;token-classification;https://github.com/elastic/elasticsearch-labs;Add evaluation results on conll2003 dataset (#1);#NAME?;3043a315aae69b6e2f88056b23100e144791ac99;6/24/2022;sjd171;README.md;Sporadic Disjoint;add evaluation results on conll2003 dataset (#1) #name?;evaluation result addition;validation infrastructure;validation infrastructure;validation infrastructure
elastic;elastic/distilbert-base-cased-finetuned-conll03-english;11/16/2023;4/18/2024;elastic_distilbert;65.197833;small;20431;14;transformers;token-classification;https://github.com/elastic/elasticsearch-labs;First commit of NER fine-tuning DistilBERT cased;;901c3c58a91f51848faa1cc4fdd48a09171bf1a0;2/9/2021;joshdevins;config.json, pytorch_model.bin, special_tokens_map.json, tokenizer_config.json, vocab.txt;Sporadic Disjoint;first commit of ner fine-tuning distilbert cased;commit initiation;training infrastructure;training infrastructure;project metadata
elastic;elastic/distilbert-base-cased-finetuned-conll03-english;11/16/2023;4/18/2024;elastic_distilbert;65.197833;small;20431;14;transformers;token-classification;https://github.com/elastic/elasticsearch-labs;New training version with all tokens labelled;;def1aef4cf9254f64aa96dcf1edeaccb26a2e085;2/24/2021;joshdevins;README.md, config.json, eval_results_ner.txt, pytorch_model.bin, train_results.txt, trainer_state.json, training_args.bin;Sporadic Disjoint;new training version with all tokens labelled;model weight addition;training infrastructure;training infrastructure;training infrastructure
elastic;elastic/distilbert-base-cased-finetuned-conll03-english;11/16/2023;4/18/2024;elastic_distilbert;65.197833;small;20431;14;transformers;token-classification;https://github.com/elastic/elasticsearch-labs;Updates labels;Without retraining;ff3cb6d63dabb99e685761ceba48e7865a921cf9;2/10/2021;joshdevins;config.json;Sporadic Disjoint;updates labels without retraining;model updates;input data;input data;training infrastructure
EleutherAI;EleutherAI/gpt-neox-20b;2/13/2023;6/9/2023;EleutherAI_neox;7000;large;24827;501;transformers;text-generation;https://github.com/EleutherAI/gpt-neox;Adding Evaluation Results (#25);- Adding Evaluation Results (06a9a55b604dd7612a24362ce85bc13ee7c1a8b6) Co-authored-by: Open LLM Leaderboard PR Bot;c292233c833e336628618a88a648727eb3dff0a7;1/31/2024;stellaathena;README.md;Frequent Alignment;adding evaluation results (#25) - adding evaluation results (06a9a55b604dd7612a24362ce85bc13ee7c1a8b6) co-authored-by: open llm leaderboard pr bot;evaluation result addition;validation infrastructure;validation infrastructure;validation infrastructure
EleutherAI;EleutherAI/gpt-neo-1.3B;10/18/2022;7/10/2023;EleutherAI_neox;1365.907456;medium;100999;241;transformers;text-generation;https://github.com/EleutherAI/gpt-neox;Adding Evaluation Results (#7);- Adding Evaluation Results (5423534720f9e62756c3c5c22e837fefbd0f3876) Co-authored-by: Open LLM Leaderboard PR Bot;dbe59a7f4a88d01d1ba9798d78dbe3fe038792c8;1/31/2024;stellaathena;README.md;Frequent Alignment;adding evaluation results (#7) - adding evaluation results (5423534720f9e62756c3c5c22e837fefbd0f3876) co-authored-by: open llm leaderboard pr bot;evaluation result addition;validation infrastructure;validation infrastructure;validation infrastructure
EleutherAI;EleutherAI/gpt-neo-1.3B;10/18/2022;7/10/2023;EleutherAI_neox;1365.907456;medium;100999;241;transformers;text-generation;https://github.com/EleutherAI/gpt-neox;updated LFS git attributes;;9e2547eae3ad7261d6aff352a6f32775215391ea;5/4/2021;guillaume-be;.gitattributes;Frequent Alignment;updated lfs git attributes;LFS updated;pipeline performance;sharing;sharing
EleutherAI;EleutherAI/gpt-neo-1.3B;10/18/2022;7/10/2023;EleutherAI_neox;1365.907456;medium;100999;241;transformers;text-generation;https://github.com/EleutherAI/gpt-neox;Update model card;;12f02fa916cae069abea2882a029a0a53b0af493;3/30/2021;LysandreJik;README.md;Frequent Alignment;update model card;model card update;external documentation;external documentation;external documentation
EleutherAI;EleutherAI/gpt-neo-1.3B;10/18/2022;7/10/2023;EleutherAI_neox;1365.907456;medium;100999;241;transformers;text-generation;https://github.com/EleutherAI/gpt-neox;updated model card title;GPT-Neo 2.7B > GPT-Neo 1.3B;3c81723e63b3f97fe576d32dde90ac302d31b497;3/31/2021;jeffboudier;README.md;Frequent Alignment;updated model card title gpt-neo 2.7b > gpt-neo 1.3b;model card update;external documentation;external documentation;external documentation
EleutherAI;EleutherAI/gpt-neo-125m;11/1/2022;7/10/2023;EleutherAI_neox;2718.416384;medium;324619;168;transformers;text-generation;https://github.com/EleutherAI/gpt-neox;Adding `safetensors` variant of this model (#9);- Adding `safetensors` variant of this model (7af65195821fe1bdf752c96fd00c7cff78ade490) Co-authored-by: Safetensors convertbot;6cb0d322a3a484e99667e7cb240e22f1ac036b99;7/9/2023;stellaathena;.gitattributes, model.safetensors;Frequent Alignment;adding `safetensors` variant of this model (#9) - adding `safetensors` variant of this model (7af65195821fe1bdf752c96fd00c7cff78ade490) co-authored-by: safetensors convertbot;model variant addition;sharing;sharing;model structure
EleutherAI;EleutherAI/gpt-neo-125m;11/1/2022;7/10/2023;EleutherAI_neox;2718.416384;medium;324619;168;transformers;text-generation;https://github.com/EleutherAI/gpt-neox;Update README.md;;c156f2b5ef6cad5f05c452903d7ada524e3fc399;6/21/2023;stellaathena;README.md;Frequent Alignment;update readme.md;readme update;external documentation;external documentation;external documentation
EleutherAI;EleutherAI/gpt-neo-1.3B;10/18/2022;7/10/2023;EleutherAI_neox;1365.907456;medium;100999;241;transformers;text-generation;https://github.com/EleutherAI/gpt-neox;Update README.md;;26e74b2a19841e726a03f8aee8d5bf0b2afdb653;5/20/2021;lg;README.md;Frequent Alignment;update readme.md;readme update;external documentation;external documentation;external documentation
EleutherAI;EleutherAI/gpt-neo-1.3B;10/18/2022;7/10/2023;EleutherAI_neox;1365.907456;medium;100999;241;transformers;text-generation;https://github.com/EleutherAI/gpt-neox;Update README.md;;797174552ae47f449ab70b684cabcb6603e5e85e;12/31/2021;stellaathena;README.md;Frequent Alignment;update readme.md;readme update;external documentation;external documentation;external documentation
EleutherAI;EleutherAI/gpt-neo-125m;11/1/2022;7/10/2023;EleutherAI_neox;2718.416384;medium;324619;168;transformers;text-generation;https://github.com/EleutherAI/gpt-neox;Add missing files and fix tokenizer_config.json (#6);- Add missing files and fix tokenizer_config.json (238d20ef7ed9790a274a19284e6c23b2b18af244) Co-authored-by: Joshua;21def0189f5705e2521767faed922f1f15e7d7db;1/31/2024;stellaathena;generation_config.json, tokenizer.json, tokenizer_config.json;Frequent Alignment;add missing files and fix tokenizer_config.json (#6) - add missing files and fix tokenizer_config.json (238d20ef7ed9790a274a19284e6c23b2b18af244) co-authored-by: joshua;tokenizer file fix;preprocessing;preprocessing;preprocessing
eugenesiow;eugenesiow/bart-paraphrase;3/2/2022;3/28/2023;eugenesiow_bart-paraphrase;406.341721;medium;17408;25;transformers;text2text-generation;https://github.com/eugenesiow/LLM-Insights;initial commit;;60a1f9cd74bcd34a47dd1e6f310ac640e5a51e80;9/13/2021;system;.gitattributes;Rare Disjoing;initial commit;commit initiation;project metadata;project metadata;project metadata
eugenesiow;eugenesiow/bart-paraphrase;3/2/2022;3/28/2023;eugenesiow_bart-paraphrase;406.341721;medium;17408;25;transformers;text2text-generation;https://github.com/eugenesiow/LLM-Insights;Initial commit.;;561b9d9631d608b8c63c01ecb64b5f030cabdd73;9/13/2021;Eugene Siow;README.md, config.json, merges.txt, model_args.json, pytorch_model.bin, special_tokens_map.json, tokenizer.json, tokenizer_config.json, training_args.bin, vocab.json;Rare Disjoing;initial commit.;commit initiation;project metadata;project metadata;project metadata
eugenesiow;eugenesiow/bart-paraphrase;3/2/2022;3/28/2023;eugenesiow_bart-paraphrase;406.341721;medium;17408;25;transformers;text2text-generation;https://github.com/eugenesiow/LLM-Insights;Adding `safetensors` variant of this model (#2);- Adding `safetensors` variant of this model (38e3801b4238ee1d80ee86dca2563d524d9e999d) Co-authored-by: Safetensors convertbot;e0d09a8456792dec7ce5b2129798c32572842213;3/28/2023;eugenesiow;.gitattributes, model.safetensors;Rare Disjoing;adding `safetensors` variant of this model (#2) - adding `safetensors` variant of this model (38e3801b4238ee1d80ee86dca2563d524d9e999d) co-authored-by: safetensors convertbot;model variant addition;model structure;model structure;model structure
facebook;facebook/blenderbot-3B;12/27/2022;12/30/2022;facebook_blenderbot;407.344133;medium;11093;134;transformers;text2text-generation;https://github.com/facebookresearch/ParlAI;initial commit;;4f92eebb8c8258ae8a5e3059b535c080c963e7e3;8/11/2020;system;.gitattributes;Dispersed Alignment;initial commit;commit initiation;project metadata;project metadata;project metadata
facebook;facebook/contriever-msmarco;3/16/2023;9/4/2023;facebook_contriever;0;unknown;89451;18;transformers;feature-extraction;https://github.com/facebookresearch/contriever;initial commit;;34e105a7492f3379b73bcd69692cc08a15c56967;1/19/2022;system;.gitattributes;Rare Disjoing;initial commit;commit initiation;project metadata;project metadata;project metadata
facebook;facebook/roberta-hate-speech-dynabench-r4-target;3/6/2023;6/9/2023;facebook_roberta;600;medium;97077;51;transformers;text-classification;https://github.com/facebookresearch/dynabench;initial commit;;893402a789c094f7dd9ce2281e21aeb485a8b974;6/10/2022;Tristan Thrush;.gitattributes;Rare Disjoing;initial commit;commit initiation;project metadata;project metadata;project metadata
facebook;facebook/hubert-base-ls960;2/15/2023;9/27/2023;facebook_hubert;418;medium;153992;40;transformers;feature-extraction;https://github.com/facebookresearch/av_hubert;initial commit;;69323b68860db9db18b4c772e711b6d4da151f29;5/26/2021;system;.gitattributes;Sporadic Disjoint;initial commit;commit initiation;project metadata;project metadata;project metadata
facebook;facebook/wmt19-ru-en;5/11/2022;1/24/2023;facebook_wmt19;1300;medium;21866;17;transformers;translation;https://github.com/facebookresearch/evaluation-of-nmt-bt;initial commit;;04146a888420734eec9cbb35bdc70f1c26621d48;9/15/2020;system;.gitattributes;Sporadic Disjoint;initial commit;commit initiation;project metadata;project metadata;project metadata
facebook;facebook/esm2_t12_35M_UR50D;2/16/2023;2/17/2023;facebook_esm2;0;unknown;255900;8;transformers;fill-mask;https://github.com/facebookresearch/esm;initial commit;;a1b23b1f6d28ff5af4d2bcec8452344dc441145d;9/27/2022;Rocketknight1;.gitattributes;Intermittent Alignment;initial commit;commit initiation;project metadata;project metadata;project metadata
facebook;facebook/esm2_t30_150M_UR50D;9/21/2022;9/21/2022;facebook_esm2;7.841868;small;719521;2;transformers;fill-mask;https://github.com/facebookresearch/esm;initial commit;;bee8d673887bb2d9534943bf734bed2ef1be73f0;9/27/2022;Rocketknight1;.gitattributes;Intermittent Alignment;initial commit;commit initiation;project metadata;project metadata;project metadata
facebook;facebook/blenderbot-3B;12/27/2022;12/30/2022;facebook_blenderbot;407.344133;medium;11093;134;transformers;text2text-generation;https://github.com/facebookresearch/ParlAI;Update config.json;;42197e791c34a1763d4172c6444607c601389b00;8/11/2020;system;config.json;Dispersed Alignment;update config.json;config file update;parameter tuning;parameter tuning;parameter tuning
facebook;facebook/roberta-hate-speech-dynabench-r4-target;3/6/2023;6/9/2023;facebook_roberta;600;medium;97077;51;transformers;text-classification;https://github.com/facebookresearch/dynabench;Update config.json;;99d5a789614a3ab67432ab3150319660ba946fe9;6/10/2022;Tristan Thrush;config.json;Rare Disjoing;update config.json;config file update;parameter tuning;parameter tuning;parameter tuning
facebook;facebook/hubert-base-ls960;2/15/2023;9/27/2023;facebook_hubert;418;medium;153992;40;transformers;feature-extraction;https://github.com/facebookresearch/av_hubert;Update config.json;;e16f1b664ae8372daa0194c516e976dbae1f5b88;10/20/2021;patrickvonplaten;config.json;Sporadic Disjoint;update config.json;config file update;parameter tuning;parameter tuning;parameter tuning
facebook;facebook/hubert-base-ls960;2/15/2023;9/27/2023;facebook_hubert;418;medium;153992;40;transformers;feature-extraction;https://github.com/facebookresearch/av_hubert;Update config.json;;790df31275a176d3264c395e8347fcbe661ab54b;10/20/2021;patrickvonplaten;config.json;Sporadic Disjoint;update config.json;config file update;parameter tuning;parameter tuning;parameter tuning
facebook;facebook/wmt19-ru-en;5/11/2022;1/24/2023;facebook_wmt19;1300;medium;21866;17;transformers;translation;https://github.com/facebookresearch/evaluation-of-nmt-bt;Update config.json;;c6a279167713d432ca9402a711e228fea5d95b47;9/15/2020;system;config.json;Sporadic Disjoint;update config.json;config file update;parameter tuning;parameter tuning;parameter tuning
facebook;facebook/blenderbot-400M-distill;6/7/2022;1/24/2023;facebook_blenderbot;0;unknown;30649;359;transformers;text2text-generation;https://github.com/facebookresearch/ParlAI;Adding generation config file(s);;0d22f9d134f4553eec0d26304ee54967a398c8e3;1/24/2023;joaogante;generation_config.json;Dispersed Alignment;adding generation config file(s);generation config addition;parameter tuning;parameter tuning;parameter tuning
